"","specimen_id","run","lanai_side","ek_day1","ek_day5","ek_day9","ek_delta","treatment","temp","rlc_order","plant_id","species","perc_delta"
"1","hm1-1","1","ewa",154.3,91.6,110.9,-0.281270252754375,"1",30,1,1,"hm",-28.127
"2","hm1-2","1","ewa",151.1,95.2,98.3,-0.349437458636664,"2",30,1,1,"hm",-34.944
"3","hm1-3","1","ewa",139.7,123.3,117,-0.162491052254832,"3",30,1,1,"hm",-16.249
"4","hm1-4","1","ewa",160.7,113.3,164.4,0.0230242688238956,"4",30,1,1,"hm",2.302
"5","ul1-1","1","ewa",141.8,89,88.2,-0.377997179125529,"1",30,1,1,"ul",-37.8
"6","ul1-2","1","ewa",91.5,64.3,92.6,0.0120218579234972,"2",30,1,1,"ul",1.202
"7","ul1-3","1","ewa",80.8,71,164.5,1.03589108910891,"3",30,1,1,"ul",103.589
"8","ul1-4","1","ewa",77.5,114.8,134.5,0.735483870967742,"4",30,1,1,"ul",73.548
"9","hm2-1","1","ewa",118.6,87,94.2,-0.205733558178752,"1",30,2,2,"hm",-20.573
"10","hm2-2","1","ewa",120.4,99.8,97.6,-0.18936877076412,"2",30,2,2,"hm",-18.937
"11","hm2-3","1","ewa",156.4,79,133,-0.149616368286445,"3",30,2,2,"hm",-14.962
"12","hm2-4","1","ewa",135,107.6,132.1,-0.0214814814814815,"4",30,2,2,"hm",-2.148
"13","ul2-1","1","ewa",95.7,83.7,79.4,-0.170323928944619,"1",30,2,2,"ul",-17.032
"14","ul2-2","1","ewa",106.4,75,50.7,-0.523496240601504,"2",30,2,2,"ul",-52.35
"15","ul2-3","1","ewa",93.3,109.4,88.9,-0.0471596998928188,"3",30,2,2,"ul",-4.716
"16","ul2-4","1","ewa",103.8,107.4,94.7,-0.0876685934489402,"4",30,2,2,"ul",-8.767
"17","hm3-1","1","ewa",82.5,126.4,68.9,-0.164848484848485,"1",27,3,3,"hm",-16.485
"18","hm3-2","1","ewa",90.8,121.3,55.3,-0.390969162995595,"2",27,3,3,"hm",-39.097
"19","hm3-3","1","ewa",73.2,145.5,78,0.0655737704918032,"3",27,3,3,"hm",6.557
"20","hm3-4","1","ewa",92.4,140.6,126.4,0.367965367965368,"4",27,3,3,"hm",36.797
"21","ul3-1","1","ewa",75.1,75.8,42.3,-0.436750998668442,"1",27,3,3,"ul",-43.675
"22","ul3-2","1","ewa",73.6,73.2,56.2,-0.236413043478261,"2",27,3,3,"ul",-23.641
"23","ul3-3","1","ewa",91.2,78.5,67.6,-0.258771929824561,"3",27,3,3,"ul",-25.877
"24","ul3-4","1","ewa",73,79.7,81.4,0.115068493150685,"4",27,3,3,"ul",11.507
"25","hm4-1","1","ewa",107.3,119,107.5,0.00186393289841568,"1",27,4,4,"hm",0.186
"26","hm4-2","1","ewa",153.7,88,56.8,-0.630448926480156,"2",27,4,4,"hm",-63.045
"27","hm4-3","1","ewa",211.5,126.3,134.8,-0.362647754137116,"3",27,4,4,"hm",-36.265
"28","hm4-4","1","ewa",174.7,159.8,74.9,-0.571265025758443,"4",27,4,4,"hm",-57.127
"29","ul4-1","1","ewa",71.8,62.2,69,-0.0389972144846796,"1",27,4,4,"ul",-3.9
"30","ul4-2","1","ewa",65.4,78.4,64.2,-0.0183486238532111,"2",27,4,4,"ul",-1.835
"31","ul4-3","1","ewa",83.9,103.8,58.6,-0.301549463647199,"3",27,4,4,"ul",-30.155
"32","ul4-4","1","ewa",114.5,124.1,89.4,-0.219213973799127,"4",27,4,4,"ul",-21.921
"33","hm5-1","1","ewa",99.1,133.9,113.1,0.141271442986882,"1",20,5,5,"hm",14.127
"34","hm5-2","1","ewa",145.8,199.4,120,-0.176954732510288,"2",20,5,5,"hm",-17.695
"35","hm5-3","1","ewa",130,187.5,178.8,0.375384615384615,"3",20,5,5,"hm",37.538
"36","hm5-4","1","ewa",140.8,178.8,187.6,0.332386363636363,"4",20,5,5,"hm",33.239
"37","ul5-1","1","ewa",111.2,83,74.3,-0.331834532374101,"1",20,5,5,"ul",-33.183
"38","ul5-2","1","ewa",73.5,88.4,74.6,0.0149659863945577,"2",20,5,5,"ul",1.497
"39","ul5-3","1","ewa",112.5,105.5,58.5,-0.48,"3",20,5,5,"ul",-48
"40","ul5-4","1","ewa",100.5,149.2,106.1,0.0557213930348258,"4",20,5,5,"ul",5.572
"41","hm6-1","1","ewa",207.4,161.1,136.8,-0.340405014464802,"1",20,6,6,"hm",-34.041
"42","hm6-2","1","ewa",203.8,157.8,137.5,-0.32531894013739,"2",20,6,6,"hm",-32.532
"43","hm6-3","1","ewa",118,206.1,143.4,0.215254237288136,"3",20,6,6,"hm",21.525
"44","hm6-4","1","ewa",140.4,179.2,139.8,-0.00427350427350423,"4",20,6,6,"hm",-0.427
"45","ul6-1","1","ewa",112.1,93.8,103.4,-0.0776092774308652,"1",20,6,6,"ul",-7.761
"46","ul6-2","1","ewa",84.7,73.2,61.6,-0.272727272727273,"2",20,6,6,"ul",-27.273
"47","ul6-3","1","ewa",141.7,111.3,91.1,-0.357092448835568,"3",20,6,6,"ul",-35.709
"48","ul6-4","1","ewa",107.9,164.6,109.2,0.0120481927710843,"4",20,6,6,"ul",1.205
"49","hm1-1","1","diamond",168.8,149.8,132.4,-0.21563981042654,"1",20,1,7,"hm",-21.564
"50","hm1-2","1","diamond",93.3,86.3,103.1,0.105037513397642,"2",20,1,7,"hm",10.504
"51","hm1-3","1","diamond",151.5,146.3,158.4,0.0455445544554456,"3",20,1,7,"hm",4.554
"52","hm1-4","1","diamond",133.9,108.4,136.4,0.0186706497386109,"4",20,1,7,"hm",1.867
"53","ul1-1","1","diamond",111.3,83.8,78.7,-0.292902066486972,"1",20,1,7,"ul",-29.29
"54","ul1-2","1","diamond",104.1,95.1,74,-0.289145052833814,"2",20,1,7,"ul",-28.915
"55","ul1-3","1","diamond",74.8,85.4,91.2,0.219251336898396,"3",20,1,7,"ul",21.925
"56","ul1-4","1","diamond",113.1,134.1,106.7,-0.0565870910698496,"4",20,1,7,"ul",-5.659
"57","hm2-1","1","diamond",148.1,138.7,116.2,-0.215395003376097,"1",20,2,8,"hm",-21.54
"58","hm2-2","1","diamond",95,170.7,114,0.2,"2",20,2,8,"hm",20
"59","hm2-3","1","diamond",111.9,84.1,171.7,0.534405719392314,"3",20,2,8,"hm",53.441
"60","hm2-4","1","diamond",197.5,122.5,202.1,0.0232911392405063,"4",20,2,8,"hm",2.329
"61","ul2-1","1","diamond",66.6,65.3,72.6,0.0900900900900901,"1",20,2,8,"ul",9.009
"62","ul2-2","1","diamond",75.8,82.2,82.3,0.0857519788918206,"2",20,2,8,"ul",8.575
"63","ul2-3","1","diamond",86.4,71.4,99.6,0.152777777777778,"3",20,2,8,"ul",15.278
"64","ul2-4","1","diamond",73,80.3,83.6,0.145205479452055,"4",20,2,8,"ul",14.521
"65","hm3-1","1","diamond",128,85.1,60.4,-0.528125,"1",27,3,9,"hm",-52.812
"66","hm3-2","1","diamond",97.1,82.5,50.9,-0.475798146240989,"2",27,3,9,"hm",-47.58
"67","hm3-3","1","diamond",93.3,100.1,85.4,-0.0846730975348338,"3",27,3,9,"hm",-8.467
"68","hm3-4","1","diamond",128.9,88.5,86.9,-0.325833979829325,"4",27,3,9,"hm",-32.583
"69","ul3-1","1","diamond",89.3,76.4,75.3,-0.156774916013438,"1",27,3,9,"ul",-15.677
"70","ul3-2","1","diamond",74.9,74.5,64,-0.145527369826435,"2",27,3,9,"ul",-14.553
"71","ul3-3","1","diamond",61.4,92,79.5,0.294788273615635,"3",27,3,9,"ul",29.479
"72","ul3-4","1","diamond",83.6,136.7,86.1,0.0299043062200957,"4",27,3,9,"ul",2.99
"73","hm4-1","1","diamond",160.8,75.5,84.6,-0.473880597014925,"1",27,4,10,"hm",-47.388
"74","hm4-2","1","diamond",151,92,92.7,-0.386092715231788,"2",27,4,10,"hm",-38.609
"75","hm4-3","1","diamond",109.4,116.3,63.3,-0.421389396709324,"3",27,4,10,"hm",-42.139
"76","hm4-4","1","diamond",103.7,134.3,69.4,-0.33076181292189,"4",27,4,10,"hm",-33.076
"77","ul4-1","1","diamond",90.3,94.3,70.5,-0.219269102990033,"1",27,4,10,"ul",-21.927
"78","ul4-2","1","diamond",127.5,84.9,56.8,-0.554509803921569,"2",27,4,10,"ul",-55.451
"79","ul4-3","1","diamond",108.9,97.3,78.2,-0.281910009182736,"3",27,4,10,"ul",-28.191
"80","ul4-4","1","diamond",102.2,129.3,127.3,0.24559686888454,"4",27,4,10,"ul",24.56
"81","hm5-1","1","diamond",111.8,97.8,78.3,-0.299642218246869,"1",30,5,11,"hm",-29.964
"82","hm5-2","1","diamond",119.6,125.5,71.3,-0.403846153846154,"2",30,5,11,"hm",-40.385
"83","hm5-3","1","diamond",118.6,109.9,71,-0.401349072512648,"3",30,5,11,"hm",-40.135
"84","hm5-4","1","diamond",100.9,164.6,104,0.0307234886025767,"4",30,5,11,"hm",3.072
"85","ul5-1","1","diamond",92.8,78.8,67,-0.27801724137931,"1",30,5,11,"ul",-27.802
"86","ul5-2","1","diamond",94.7,94.8,80.9,-0.145723336853221,"2",30,5,11,"ul",-14.572
"87","ul5-3","1","diamond",106.9,95.2,90,-0.158091674462114,"3",30,5,11,"ul",-15.809
"88","ul5-4","1","diamond",123.5,141.8,82.8,-0.329554655870445,"4",30,5,11,"ul",-32.955
"89","hm6-1","1","diamond",129.7,84.9,43.3,-0.66615265998458,"1",30,6,12,"hm",-66.615
"90","hm6-2","1","diamond",122.6,107.4,55.3,-0.548939641109298,"2",30,6,12,"hm",-54.894
"91","hm6-3","1","diamond",113.9,109.7,58.2,-0.489025460930641,"3",30,6,12,"hm",-48.903
"92","hm6-4","1","diamond",147.4,151.2,57.4,-0.610583446404342,"4",30,6,12,"hm",-61.058
"93","ul6-1","1","diamond",72.5,98.2,70.2,-0.0317241379310344,"1",30,6,12,"ul",-3.172
"94","ul6-2","1","diamond",75.6,94,57.6,-0.238095238095238,"2",30,6,12,"ul",-23.81
"95","ul6-3","1","diamond",129.1,115.6,96.6,-0.251742835011619,"3",30,6,12,"ul",-25.174
"96","ul6-4","1","diamond",59.7,122.4,83.7,0.402010050251256,"4",30,6,12,"ul",40.201
"97","hm1-1","2","ewa",133.1,63.5,73.2,-0.450037565740045,"1",30,1,13,"hm",-45.004
"98","hm1-2","2","ewa",116.4,60.9,67.7,-0.418384879725086,"2",30,1,13,"hm",-41.838
"99","hm1-3","2","ewa",111.5,84.5,77.4,-0.305829596412556,"3",30,1,13,"hm",-30.583
"100","hm1-4","2","ewa",128.9,98.4,96.4,-0.252133436772692,"4",30,1,13,"hm",-25.213
"101","ul1-1","2","ewa",140.3,79.5,61.1,-0.564504632929437,"1",30,1,13,"ul",-56.45
"102","ul1-2","2","ewa",101.8,72.9,49.1,-0.517681728880157,"2",30,1,13,"ul",-51.768
"103","ul1-3","2","ewa",99.3,98.5,83.4,-0.16012084592145,"3",30,1,13,"ul",-16.012
"104","ul1-4","2","ewa",69.3,71.4,61.8,-0.108225108225108,"4",30,1,13,"ul",-10.823
"105","hm2-1","2","ewa",123.4,92.3,87.9,-0.287682333873582,"1",30,2,14,"hm",-28.768
"106","hm2-2","2","ewa",150.5,61.4,86,-0.428571428571429,"2",30,2,14,"hm",-42.857
"107","hm2-3","2","ewa",103.2,71.2,70.1,-0.320736434108527,"3",30,2,14,"hm",-32.074
"108","hm2-4","2","ewa",153.3,115.1,89.4,-0.416829745596869,"4",30,2,14,"hm",-41.683
"109","ul2-1","2","ewa",86,57.7,41.8,-0.513953488372093,"1",30,2,14,"ul",-51.395
"110","ul2-2","2","ewa",134.1,92.6,100.9,-0.247576435495899,"2",30,2,14,"ul",-24.758
"111","ul2-3","2","ewa",107.7,104.7,99.2,-0.0789229340761374,"3",30,2,14,"ul",-7.892
"112","ul2-4","2","ewa",101.7,81.5,82.8,-0.185840707964602,"4",30,2,14,"ul",-18.584
"113","hm3-1","2","ewa",190.3,104.3,98.1,-0.484498160798739,"1",27,3,15,"hm",-48.45
"114","hm3-2","2","ewa",168,86.3,109.6,-0.347619047619048,"2",27,3,15,"hm",-34.762
"115","hm3-3","2","ewa",186,104,114,-0.387096774193548,"3",27,3,15,"hm",-38.71
"116","hm3-4","2","ewa",158.3,118.7,136.9,-0.13518635502211,"4",27,3,15,"hm",-13.519
"117","ul3-1","2","ewa",94.4,63.7,41.9,-0.55614406779661,"1",27,3,15,"ul",-55.614
"118","ul3-2","2","ewa",75.4,77.5,52.7,-0.30106100795756,"2",27,3,15,"ul",-30.106
"119","ul3-3","2","ewa",97.3,125.6,88.3,-0.092497430626927,"3",27,3,15,"ul",-9.25
"120","ul3-4","2","ewa",96.9,87,101.6,0.0485036119711041,"4",27,3,15,"ul",4.85
"121","hm4-1","2","ewa",133,85.2,88.1,-0.337593984962406,"1",27,4,16,"hm",-33.759
"122","hm4-2","2","ewa",143.5,73.2,80.7,-0.437630662020906,"2",27,4,16,"hm",-43.763
"123","hm4-3","2","ewa",102,93.7,56.2,-0.449019607843137,"3",27,4,16,"hm",-44.902
"124","hm4-4","2","ewa",104.6,169.3,89,-0.149139579349904,"4",27,4,16,"hm",-14.914
"125","hm5-1","2","ewa",134.2,141.9,86.6,-0.354694485842027,"1",20,4,17,"hm",-35.469
"126","hm5-2","2","ewa",69,100.4,97,0.405797101449275,"2",20,4,17,"hm",40.58
"127","hm5-3","2","ewa",46.3,156.6,86.7,0.872570194384449,"3",20,4,17,"hm",87.257
"128","hm5-4","2","ewa",146.4,126.3,120.3,-0.17827868852459,"4",20,4,17,"hm",-17.828
"129","hm6-1","2","ewa",227.9,132.2,108.1,-0.525669153137341,"1",20,5,18,"hm",-52.567
"130","hm6-2","2","ewa",145.2,143.9,102.1,-0.296831955922865,"2",20,5,18,"hm",-29.683
"131","hm6-3","2","ewa",182.9,135.7,101.3,-0.446145434663751,"3",20,5,18,"hm",-44.615
"132","hm6-4","2","ewa",147.5,109.1,121.2,-0.178305084745763,"4",20,5,18,"hm",-17.831
"133","ul4-1","2","ewa",108.9,76.2,75.1,-0.310376492194674,"1",27,5,16,"ul",-31.038
"134","ul4-2","2","ewa",136.7,79.3,73.8,-0.46013167520117,"2",27,5,16,"ul",-46.013
"135","ul4-3","2","ewa",117.3,85.7,76.4,-0.348678601875533,"3",27,5,16,"ul",-34.868
"136","ul4-4","2","ewa",125.6,116.1,84.4,-0.328025477707006,"4",27,5,16,"ul",-32.803
"137","ul5-1","2","ewa",90.5,70,66.3,-0.267403314917127,"1",20,6,17,"ul",-26.74
"138","ul5-3","2","ewa",112.5,98.6,85.3,-0.241777777777778,"3",20,6,17,"ul",-24.178
"139","ul5-4","2","ewa",87.6,103.9,99,0.13013698630137,"4",20,6,17,"ul",13.014
"140","ul6-1","2","ewa",95.9,89.4,83.6,-0.128258602711158,"1",20,6,18,"ul",-12.826
"141","ul6-2","2","ewa",114.4,80.7,94.2,-0.176573426573427,"2",20,6,18,"ul",-17.657
"142","ul6-3","2","ewa",88.8,88,88.8,0,"3",20,6,18,"ul",0
"143","ul6-4","2","ewa",84.5,90.2,89.5,0.0591715976331361,"4",20,6,18,"ul",5.917
"144","ul5-2","2","ewa",97.9,91.9,70.8,-0.276813074565884,"2",20,6,17,"ul",-27.681
"145","hm1-1","2","diamond",86.2,186.2,61.9,-0.281902552204176,"1",20,1,19,"hm",-28.19
"146","hm1-2","2","diamond",79.8,95.7,112,0.403508771929825,"2",20,1,19,"hm",40.351
"147","hm1-3","2","diamond",92.6,194.9,117.6,0.269978401727862,"3",20,1,19,"hm",26.998
"148","hm1-4","2","diamond",107.1,151.2,65.6,-0.387488328664799,"4",20,1,19,"hm",-38.749
"149","ul1-1","2","diamond",83.3,77.1,49.6,-0.404561824729892,"1",20,1,19,"ul",-40.456
"150","ul1-2","2","diamond",106,87.1,52.4,-0.505660377358491,"2",20,1,19,"ul",-50.566
"151","ul1-3","2","diamond",94.9,107.9,84.7,-0.107481559536354,"3",20,1,19,"ul",-10.748
"152","ul1-4","2","diamond",84,116.9,101,0.202380952380952,"4",20,1,19,"ul",20.238
"153","hm2-1","2","diamond",113.2,107.2,66.7,-0.410777385159011,"1",20,2,20,"hm",-41.078
"154","hm2-2","2","diamond",111.6,93.3,98.1,-0.120967741935484,"2",20,2,20,"hm",-12.097
"155","hm2-3","2","diamond",108.6,112.8,93.2,-0.141804788213628,"3",20,2,20,"hm",-14.18
"156","hm2-4","2","diamond",73.3,122.1,107.6,0.46793997271487,"4",20,2,20,"hm",46.794
"157","ul2-1","2","diamond",80.3,74,73,-0.0909090909090909,"1",20,2,20,"ul",-9.091
"158","ul2-2","2","diamond",75.7,69.5,74.4,-0.0171730515191545,"2",20,2,20,"ul",-1.717
"159","ul2-3","2","diamond",92.4,92.5,89,-0.0367965367965369,"3",20,2,20,"ul",-3.68
"160","ul2-4","2","diamond",62.5,91.4,112.8,0.8048,"4",20,2,20,"ul",80.48
"161","hm3-1","2","diamond",97.6,81,78.8,-0.192622950819672,"1",27,3,21,"hm",-19.262
"162","hm3-2","2","diamond",113.5,80.5,82,-0.277533039647577,"2",27,3,21,"hm",-27.753
"163","hm3-3","2","diamond",102.3,76,120.6,0.178885630498534,"3",27,3,21,"hm",17.889
"164","hm3-4","2","diamond",130.5,101.4,110.7,-0.151724137931034,"4",27,3,21,"hm",-15.172
"165","ul3-1","2","diamond",75.8,69.8,40.1,-0.470976253298153,"1",27,3,21,"ul",-47.098
"166","ul3-2","2","diamond",79.1,86.1,72.9,-0.0783817951959544,"2",27,3,21,"ul",-7.838
"167","ul3-3","2","diamond",77.6,77.5,93.6,0.206185567010309,"3",27,3,21,"ul",20.619
"168","ul3-4","2","diamond",69.1,100.7,84.7,0.22575976845152,"4",27,3,21,"ul",22.576
"169","hm4-1","2","diamond",81.2,79.3,65.3,-0.195812807881773,"1",27,4,22,"hm",-19.581
"170","hm4-2","2","diamond",78.4,112.4,65.1,-0.169642857142857,"2",27,4,22,"hm",-16.964
"171","hm4-3","2","diamond",95.4,95.6,73.6,-0.228511530398323,"3",27,4,22,"hm",-22.851
"172","hm4-4","2","diamond",72.3,136.1,84.1,0.163208852005532,"4",27,4,22,"hm",16.321
"173","ul4-1","2","diamond",76.3,67.8,54,-0.292267365661861,"1",27,4,22,"ul",-29.227
"174","ul4-2","2","diamond",81.8,71.2,39.2,-0.520782396088019,"2",27,4,22,"ul",-52.078
"175","ul4-3","2","diamond",82.4,96.1,80.6,-0.0218446601941749,"3",27,4,22,"ul",-2.184
"176","ul4-4","2","diamond",100.7,102.1,78.1,-0.224428997020854,"4",27,4,22,"ul",-22.443
"177","hm5-1","2","diamond",82.6,117.5,54.3,-0.342615012106537,"1",30,5,23,"hm",-34.262
"178","hm5-2","2","diamond",104.1,65.7,47.1,-0.547550432276657,"2",30,5,23,"hm",-54.755
"179","hm5-3","2","diamond",83.6,158.4,93.4,0.117224880382775,"3",30,5,23,"hm",11.722
"180","hm5-4","2","diamond",88.3,108.4,101.3,0.14722536806342,"4",30,5,23,"hm",14.723
"181","ul5-1","2","diamond",78.3,85.6,53.7,-0.314176245210728,"1",30,5,23,"ul",-31.418
"182","ul5-2","2","diamond",99.4,94.8,55.1,-0.445674044265594,"2",30,5,23,"ul",-44.567
"183","ul5-3","2","diamond",83,92.2,80.9,-0.025301204819277,"3",30,5,23,"ul",-2.53
"184","ul5-4","2","diamond",68.1,81.5,94.5,0.387665198237886,"4",30,5,23,"ul",38.767
"185","hm6-1","2","diamond",71.1,73.6,40.6,-0.428973277074543,"1",30,6,24,"hm",-42.897
"186","hm6-2","2","diamond",72.8,78.2,74,0.0164835164835165,"2",30,6,24,"hm",1.648
"187","hm6-3","2","diamond",89.9,98.1,105.4,0.172413793103448,"3",30,6,24,"hm",17.241
"188","hm6-4","2","diamond",92.5,122.2,106.2,0.148108108108108,"4",30,6,24,"hm",14.811
"189","ul6-1","2","diamond",70.7,66.8,52.5,-0.257425742574257,"1",30,6,24,"ul",-25.743
"190","ul6-2","2","diamond",71.3,65.2,41.3,-0.420757363253857,"2",30,6,24,"ul",-42.076
"191","ul6-3","2","diamond",66.3,86.8,80.6,0.215686274509804,"3",30,6,24,"ul",21.569
"192","ul6-4","2","diamond",79.2,86.9,81.5,0.029040404040404,"4",30,6,24,"ul",2.904
"193","hm1-1","3","ewa",122.1,87.7,81,-0.336609336609337,"1",20,1,25,"hm",-33.661
"194","hm1-2","3","ewa",80.9,85.6,99.3,0.227441285537701,"2",20,1,25,"hm",22.744
"195","hm1-3","3","ewa",71,91.9,72.4,0.019718309859155,"3",20,1,25,"hm",1.972
"196","hm1-4","3","ewa",91.1,94.2,86.6,-0.0493962678375412,"4",20,1,25,"hm",-4.94
"197","ul1-1","3","ewa",69.1,73.6,82.8,0.198263386396527,"1",20,1,25,"ul",19.826
"198","ul1-2","3","ewa",70.5,74.6,67.6,-0.0411347517730497,"2",20,1,25,"ul",-4.113
"199","ul1-3","3","ewa",60.2,94.3,94.5,0.569767441860465,"3",20,1,25,"ul",56.977
"200","ul1-4","3","ewa",68.7,78.3,89.1,0.296943231441048,"4",20,1,25,"ul",29.694
"201","hm2-1","3","ewa",170.2,132.5,167.7,-0.0146886016451234,"1",20,2,26,"hm",-1.469
"202","hm2-2","3","ewa",192.5,120.9,87.6,-0.544935064935065,"2",20,2,26,"hm",-54.494
"203","hm2-3","3","ewa",213.6,104.6,86.9,-0.593164794007491,"3",20,2,26,"hm",-59.316
"204","hm2-4","3","ewa",256.6,125.7,122.9,-0.521044427123928,"4",20,2,26,"hm",-52.104
"205","ul2-1","3","ewa",128.9,101.4,84,-0.34833204034135,"1",20,2,26,"ul",-34.833
"206","ul2-2","3","ewa",128.2,97.1,87.8,-0.315132605304212,"2",20,2,26,"ul",-31.513
"207","ul2-3","3","ewa",129.5,122.6,104.1,-0.196138996138996,"3",20,2,26,"ul",-19.614
"208","ul2-4","3","ewa",122.4,126.5,95.4,-0.220588235294118,"4",20,2,26,"ul",-22.059
"209","hm3-1","3","ewa",171,88.6,77,-0.549707602339181,"1",27,3,27,"hm",-54.971
"210","hm3-2","3","ewa",101.7,72.9,81,-0.20353982300885,"2",27,3,27,"hm",-20.354
"211","hm3-3","3","ewa",132,65.8,74.1,-0.438636363636364,"3",27,3,27,"hm",-43.864
"212","hm3-4","3","ewa",139,102.4,98.2,-0.293525179856115,"4",27,3,27,"hm",-29.353
"213","ul3-1","3","ewa",99.4,97.8,89.2,-0.10261569416499,"1",27,3,27,"ul",-10.262
"214","ul3-2","3","ewa",58,46.4,41.8,-0.279310344827586,"2",27,3,27,"ul",-27.931
"215","ul3-3","3","ewa",89.1,93.2,92.5,0.0381593714927049,"3",27,3,27,"ul",3.816
"216","ul3-4","3","ewa",99.1,119.8,106.3,0.0726538849646822,"4",27,3,27,"ul",7.265
"217","hm4-1","3","ewa",176.5,106.3,73.2,-0.585269121813031,"1",27,4,28,"hm",-58.527
"218","hm4-2","3","ewa",192.2,82.1,66.1,-0.656087408949011,"2",27,4,28,"hm",-65.609
"219","hm4-3","3","ewa",149.8,97.6,60.5,-0.596128170894526,"3",27,4,28,"hm",-59.613
"220","hm4-4","3","ewa",236.4,87.6,52.5,-0.777918781725888,"4",27,4,28,"hm",-77.792
"221","ul4-1","3","ewa",107.7,80.8,64.6,-0.400185701021356,"1",27,4,28,"ul",-40.019
"222","ul4-2","3","ewa",104.5,82.7,77.9,-0.254545454545454,"2",27,4,28,"ul",-25.455
"223","ul4-3","3","ewa",91.9,72.7,76.6,-0.166485310119695,"3",27,4,28,"ul",-16.649
"224","ul4-4","3","ewa",89.5,97.8,102.1,0.140782122905028,"4",27,4,28,"ul",14.078
"225","hm5-1","3","ewa",136.2,63.9,40.9,-0.699706314243759,"1",30,5,29,"hm",-69.971
"226","hm5-2","3","ewa",130.9,99.5,48.9,-0.626432391138273,"2",30,5,29,"hm",-62.643
"227","hm5-3","3","ewa",102.9,61.7,51.1,-0.503401360544218,"3",30,5,29,"hm",-50.34
"228","hm5-4","3","ewa",126.4,73.3,58.7,-0.535601265822785,"4",30,5,29,"hm",-53.56
"229","ul5-1","3","ewa",73.1,64.7,68.7,-0.0601915184678521,"1",30,5,29,"ul",-6.019
"230","ul5-2","3","ewa",97.3,67.1,43.2,-0.55601233299075,"2",30,5,29,"ul",-55.601
"231","ul5-3","3","ewa",87.4,97.6,81.2,-0.0709382151029748,"3",30,5,29,"ul",-7.094
"232","ul5-4","3","ewa",95.8,97.9,83.2,-0.131524008350731,"4",30,5,29,"ul",-13.152
"233","hm6-1","3","ewa",226.8,74.6,51.8,-0.771604938271605,"1",30,6,30,"hm",-77.16
"234","hm6-2","3","ewa",320.4,58.8,53.7,-0.832397003745318,"2",30,6,30,"hm",-83.24
"235","hm6-3","3","ewa",325,70.8,66.4,-0.795692307692308,"3",30,6,30,"hm",-79.569
"236","hm6-4","3","ewa",317.2,74.9,54.4,-0.828499369482976,"4",30,6,30,"hm",-82.85
"237","ul6-1","3","ewa",66,56.1,46.2,-0.3,"1",30,6,30,"ul",-30
"238","ul6-2","3","ewa",81.8,68.8,62.6,-0.234718826405868,"2",30,6,30,"ul",-23.472
"239","ul6-3","3","ewa",58.7,75.9,63.2,0.0766609880749574,"3",30,6,30,"ul",7.666
"240","ul6-4","3","ewa",73.7,97,81.5,0.105834464043419,"4",30,6,30,"ul",10.583
"241","hm1-1","3.5","diamond",173.9,155.9,110,-0.367452558941921,"1",20,1,31,"hm",-36.745
"242","hm1-2","3.5","diamond",125.8,106.2,58,-0.538950715421304,"2",20,1,31,"hm",-53.895
"243","hm1-3","3.5","diamond",122.7,113.1,89.7,-0.268948655256724,"3",20,1,31,"hm",-26.895
"244","hm1-4","3.5","diamond",132.2,96.1,84.9,-0.357791225416036,"4",20,1,31,"hm",-35.779
"245","ul1-1","3.5","diamond",61.6,76.3,77.6,0.25974025974026,"1",20,1,31,"ul",25.974
"246","ul1-2","3.5","diamond",56.2,61.5,61.1,0.0871886120996441,"2",20,1,31,"ul",8.719
"247","ul1-3","3.5","diamond",90,95.2,98.1,0.0899999999999999,"3",20,1,31,"ul",9
"248","ul1-4","3.5","diamond",68.9,104.7,84,0.219158200290276,"4",20,1,31,"ul",21.916
"249","hm2-1","3.5","diamond",153.4,112.5,108,-0.295958279009126,"1",20,2,32,"hm",-29.596
"250","hm2-2","3.5","diamond",105.6,148.6,152.4,0.443181818181818,"2",20,2,32,"hm",44.318
"251","hm2-3","3.5","diamond",95,80,88.5,-0.068421052631579,"3",20,2,32,"hm",-6.842
"252","hm2-4","3.5","diamond",92.1,95.6,128.6,0.396308360477742,"4",20,2,32,"hm",39.631
"253","ul2-1","3.5","diamond",111.1,85.4,100.1,-0.099009900990099,"1",20,2,32,"ul",-9.901
"254","ul2-2","3.5","diamond",72.3,59.4,57.9,-0.199170124481328,"2",20,2,32,"ul",-19.917
"255","ul2-3","3.5","diamond",91,84,114.4,0.257142857142857,"3",20,2,32,"ul",25.714
"256","ul2-4","3.5","diamond",85.6,94,91.4,0.0677570093457945,"4",20,2,32,"ul",6.776
"257","hm3-1","3.5","diamond",140.8,79,71.1,-0.495028409090909,"1",27,3,33,"hm",-49.503
"258","hm3-2","3.5","diamond",100.6,68,46,-0.542743538767396,"2",27,3,33,"hm",-54.274
"259","hm3-3","3.5","diamond",117.9,60.2,65,-0.448685326547922,"3",27,3,33,"hm",-44.869
"260","hm3-4","3.5","diamond",128.6,64.6,54,-0.580093312597201,"4",27,3,33,"hm",-58.009
"261","ul3-1","3.5","diamond",72.8,62.1,59.3,-0.18543956043956,"1",27,3,33,"ul",-18.544
"262","ul3-2","3.5","diamond",85.4,41.2,63.7,-0.254098360655738,"2",27,3,33,"ul",-25.41
"263","ul3-3","3.5","diamond",66.1,87.4,88.8,0.343419062027232,"3",27,3,33,"ul",34.342
"264","ul3-4","3.5","diamond",89.4,95.9,98.6,0.102908277404922,"4",27,3,33,"ul",10.291
"265","hm4-1","3.5","diamond",115.6,67.4,53.5,-0.53719723183391,"1",27,4,34,"hm",-53.72
"266","hm4-2","3.5","diamond",117.3,74.8,50.5,-0.569479965899403,"2",27,4,34,"hm",-56.948
"267","hm4-3","3.5","diamond",135.5,76.7,53.7,-0.603690036900369,"3",27,4,34,"hm",-60.369
"268","hm4-4","3.5","diamond",112.9,84.3,65.8,-0.41718334809566,"4",27,4,34,"hm",-41.718
"269","ul4-1","3.5","diamond",59,64.4,69,0.169491525423729,"1",27,4,34,"ul",16.949
"270","ul4-2","3.5","diamond",54.8,79.3,75.2,0.372262773722628,"2",27,4,34,"ul",37.226
"271","ul4-3","3.5","diamond",49.7,97.2,92.1,0.853118712273642,"3",27,4,34,"ul",85.312
"272","ul4-4","3.5","diamond",53,104.3,97.2,0.833962264150943,"4",27,4,34,"ul",83.396
"273","hm5-1","3.5","diamond",159.9,73.6,36.1,-0.774233896185116,"1",30,5,35,"hm",-77.423
"274","hm5-2","3.5","diamond",136.6,79.6,44.7,-0.672767203513909,"2",30,5,35,"hm",-67.277
"275","hm5-3","3.5","diamond",138.5,79.4,56.8,-0.589891696750903,"3",30,5,35,"hm",-58.989
"276","hm5-4","3.5","diamond",121.7,111.2,80.4,-0.339359079704191,"4",30,5,35,"hm",-33.936
"277","ul5-1","3.5","diamond",81.8,93.8,70.9,-0.133251833740831,"1",30,5,35,"ul",-13.325
"278","ul5-2","3.5","diamond",113.4,108,83.7,-0.261904761904762,"2",30,5,35,"ul",-26.19
"279","ul5-3","3.5","diamond",102.6,110.2,94.8,-0.0760233918128655,"3",30,5,35,"ul",-7.602
"280","ul5-4","3.5","diamond",73,123.8,84.6,0.158904109589041,"4",30,5,35,"ul",15.89
"281","hm6-1","3.5","diamond",105,69.9,51,-0.514285714285714,"1",30,6,36,"hm",-51.429
"282","hm6-2","3.5","diamond",106.3,65.8,54.2,-0.490122295390404,"2",30,6,36,"hm",-49.012
"283","hm6-3","3.5","diamond",135.9,68.3,62.4,-0.54083885209713,"3",30,6,36,"hm",-54.084
"284","hm6-4","3.5","diamond",92.5,87.2,52.4,-0.433513513513514,"4",30,6,36,"hm",-43.351
"285","ul6-1","3.5","diamond",77.1,80.4,74.3,-0.0363164721141375,"1",30,6,36,"ul",-3.632
"286","ul6-2","3.5","diamond",59.9,76.1,65.6,0.0951585976627712,"2",30,6,36,"ul",9.516
"287","ul6-3","3.5","diamond",69.5,86.9,76.3,0.097841726618705,"3",30,6,36,"ul",9.784
"288","ul6-4","3.5","diamond",73,95.5,67.2,-0.0794520547945205,"4",30,6,36,"ul",-7.945
"289","hm1-1","4","ewa",138.4,135.3,104,-0.248554913294798,"1",20,1,37,"hm",-24.855
"290","hm1-2","4","ewa",97.6,134.7,87.1,-0.107581967213115,"2",20,1,37,"hm",-10.758
"291","hm1-3","4","ewa",98.2,112.2,85.2,-0.132382892057026,"3",20,1,37,"hm",-13.238
"292","hm1-4","4","ewa",128.5,136,91.5,-0.287937743190661,"4",20,1,37,"hm",-28.794
"293","ul1-1","4","ewa",106.8,85.3,85.9,-0.195692883895131,"1",20,1,37,"ul",-19.569
"294","ul1-2","4","ewa",93.9,97.7,87.3,-0.0702875399361023,"2",20,1,37,"ul",-7.029
"295","ul1-3","4","ewa",110.7,112.8,102.8,-0.0713640469738031,"3",20,1,37,"ul",-7.136
"296","ul1-4","4","ewa",120.8,115.4,97,-0.197019867549669,"4",20,1,37,"ul",-19.702
"297","hm2-1","4","ewa",124.4,155.6,103.6,-0.167202572347267,"1",20,2,38,"hm",-16.72
"298","hm2-2","4","ewa",99.7,142.3,38.6,-0.61283851554664,"2",20,2,38,"hm",-61.284
"299","hm2-3","4","ewa",101.9,116.4,83,-0.185475956820412,"3",20,2,38,"hm",-18.548
"300","hm2-4","4","ewa",131.8,95.1,98.2,-0.254931714719272,"4",20,2,38,"hm",-25.493
"301","ul2-1","4","ewa",114.8,76.5,68.8,-0.400696864111498,"1",20,2,38,"ul",-40.07
"302","ul2-2","4","ewa",95.1,75.3,56.4,-0.406940063091483,"2",20,2,38,"ul",-40.694
"303","ul2-4","4","ewa",79.6,78.9,78.1,-0.0188442211055276,"4",20,2,38,"ul",-1.884
"304","ul2-3","4","ewa",97,76.8,69.4,-0.284536082474227,"3",20,2,38,"ul",-28.454
"305","hm3-1","4","ewa",90.7,79.9,60.8,-0.329658213891952,"1",27,3,39,"hm",-32.966
"306","hm3-2","4","ewa",119.6,64.6,48.1,-0.597826086956522,"2",27,3,39,"hm",-59.783
"307","hm3-3","4","ewa",103.8,108.2,63.4,-0.389210019267823,"3",27,3,39,"hm",-38.921
"308","hm3-4","4","ewa",92.8,93.9,84.4,-0.0905172413793103,"4",27,3,39,"hm",-9.052
"309","ul3-1","4","ewa",74.2,62.2,72.8,-0.018867924528302,"1",27,3,39,"ul",-1.887
"310","ul3-2","4","ewa",74.9,81.4,55,-0.265687583444593,"2",27,3,39,"ul",-26.569
"311","ul3-3","4","ewa",73.9,93.5,102.5,0.38700947225981,"3",27,3,39,"ul",38.701
"312","ul3-4","4","ewa",66.5,91.1,77.9,0.171428571428572,"4",27,3,39,"ul",17.143
"313","hm4-1","4","ewa",105.1,68.2,57.2,-0.455756422454805,"1",27,4,40,"hm",-45.576
"314","hm4-2","4","ewa",145.8,68.3,68.4,-0.530864197530864,"2",27,4,40,"hm",-53.086
"315","hm4-3","4","ewa",153.4,66.6,158.2,0.0312907431551498,"3",27,4,40,"hm",3.129
"316","hm4-4","4","ewa",119.3,96.8,95.8,-0.196982397317687,"4",27,4,40,"hm",-19.698
"317","ul4-1","4","ewa",107.5,88.3,66.8,-0.378604651162791,"1",27,4,40,"ul",-37.86
"318","ul4-2","4","ewa",101.9,80.1,51.2,-0.497546614327772,"2",27,4,40,"ul",-49.755
"319","ul4-3","4","ewa",103.2,85.9,70.2,-0.319767441860465,"3",27,4,40,"ul",-31.977
"320","ul4-4","4","ewa",98.1,94.6,54,-0.44954128440367,"4",27,4,40,"ul",-44.954
"321","hm5-1","4","ewa",108.7,69.3,39.1,-0.640294388224471,"1",30,5,41,"hm",-64.029
"322","hm5-2","4","ewa",151.8,81.9,57.4,-0.621870882740448,"2",30,5,41,"hm",-62.187
"323","hm5-3","4","ewa",127.9,65.6,42.1,-0.670836591086787,"3",30,5,41,"hm",-67.084
"324","hm5-4","4","ewa",164,99.1,70.9,-0.567682926829268,"4",30,5,41,"hm",-56.768
"325","ul5-1","4","ewa",104.8,79.4,60.2,-0.425572519083969,"1",30,5,41,"ul",-42.557
"326","ul5-2","4","ewa",91.6,80.1,71.5,-0.21943231441048,"2",30,5,41,"ul",-21.943
"327","ul5-3","4","ewa",95.3,93.5,91.4,-0.0409233997901363,"3",30,5,41,"ul",-4.092
"328","ul5-4","4","ewa",95.5,91.7,71.7,-0.249214659685864,"4",30,5,41,"ul",-24.921
"329","hm6-1","4","ewa",112.4,91.5,75.6,-0.327402135231317,"1",30,6,42,"hm",-32.74
"330","hm6-2","4","ewa",111.8,77.3,53.2,-0.524150268336315,"2",30,6,42,"hm",-52.415
"331","hm6-3","4","ewa",93.3,77.2,46.9,-0.497320471596999,"3",30,6,42,"hm",-49.732
"332","hm6-4","4","ewa",111.5,90.1,65.8,-0.409865470852018,"4",30,6,42,"hm",-40.987
"333","ul6-1","4","ewa",89.4,66.3,68.9,-0.229306487695749,"1",30,6,42,"ul",-22.931
"334","ul6-2","4","ewa",95.1,75.5,62.4,-0.34384858044164,"2",30,6,42,"ul",-34.385
"335","ul6-3","4","ewa",98.4,93.4,83.6,-0.150406504065041,"3",30,6,42,"ul",-15.041
"336","ul6-4","4","ewa",92.2,79.7,64.9,-0.296095444685466,"4",30,6,42,"ul",-29.61
"337","hm1-1","4","diamond",156.4,143.8,89.6,-0.427109974424553,"1",20,1,43,"hm",-42.711
"338","hm1-2","4","diamond",111.7,138,92.8,-0.169203222918532,"2",20,1,43,"hm",-16.92
"339","hm1-3","4","diamond",88.5,144.3,108.7,0.228248587570621,"3",20,1,43,"hm",22.825
"340","hm1-4","4","diamond",79.1,145.1,94.5,0.194690265486726,"4",20,1,43,"hm",19.469
"341","ul1-1","4","diamond",105.7,80,78.5,-0.257332071901608,"1",20,1,43,"ul",-25.733
"342","ul1-2","4","diamond",75.6,83,77.2,0.0211640211640213,"2",20,1,43,"ul",2.116
"343","ul1-3","4","diamond",79.7,86.4,74.3,-0.067754077791719,"3",20,1,43,"ul",-6.775
"344","ul1-4","4","diamond",82.4,97.9,81.9,-0.00606796116504854,"4",20,1,43,"ul",-0.607
"345","hm2-1","4","diamond",90.3,100,87.5,-0.0310077519379845,"1",20,2,44,"hm",-3.101
"346","hm2-2","4","diamond",104.4,83.9,65.9,-0.368773946360153,"2",20,2,44,"hm",-36.877
"347","hm2-3","4","diamond",87.4,71.1,158.6,0.814645308924485,"3",20,2,44,"hm",81.465
"348","hm2-4","4","diamond",141.1,60.8,89.7,-0.364280652019844,"4",20,2,44,"hm",-36.428
"349","ul2-1","4","diamond",108.6,73.9,53,-0.511970534069982,"1",20,2,44,"ul",-51.197
"350","ul2-2","4","diamond",102,80.4,73.3,-0.281372549019608,"2",20,2,44,"ul",-28.137
"351","ul2-3","4","diamond",88.5,71.5,105.2,0.188700564971751,"3",20,2,44,"ul",18.87
"352","ul2-4","4","diamond",95.8,78.5,73.2,-0.235908141962422,"4",20,2,44,"ul",-23.591
"353","hm3-1","4","diamond",93.5,59.7,74.5,-0.203208556149733,"1",27,3,45,"hm",-20.321
"354","hm3-2","4","diamond",119.6,69,65.6,-0.451505016722408,"2",27,3,45,"hm",-45.151
"355","hm3-3","4","diamond",81.1,69.4,106.2,0.309494451294698,"3",27,3,45,"hm",30.949
"356","hm3-4","4","diamond",124.2,74.2,65.5,-0.472624798711755,"4",27,3,45,"hm",-47.262
"357","ul3-1","4","diamond",101.1,77.5,69.5,-0.312561819980218,"1",27,3,45,"ul",-31.256
"358","ul3-2","4","diamond",101,76.5,63.3,-0.373267326732673,"2",27,3,45,"ul",-37.327
"359","ul3-3","4","diamond",78.3,78.7,75,-0.0421455938697318,"3",27,3,45,"ul",-4.215
"360","ul3-4","4","diamond",115.4,104.7,96,-0.168110918544194,"4",27,3,45,"ul",-16.811
"361","hm4-1","4","diamond",104.7,61.6,67.4,-0.356255969436485,"1",27,4,46,"hm",-35.626
"362","hm4-2","4","diamond",100.3,56.8,80.8,-0.194416749750748,"2",27,4,46,"hm",-19.442
"363","hm4-3","4","diamond",101.5,70.9,77.3,-0.238423645320197,"3",27,4,46,"hm",-23.842
"364","hm4-4","4","diamond",92.6,86.3,77.7,-0.160907127429806,"4",27,4,46,"hm",-16.091
"365","ul4-1","4","diamond",67.7,76,52.8,-0.220088626292467,"1",27,4,46,"ul",-22.009
"366","ul4-2","4","diamond",82.1,64.1,65.9,-0.197320341047503,"2",27,4,46,"ul",-19.732
"367","ul4-3","4","diamond",62.2,82.7,86.5,0.390675241157556,"3",27,4,46,"ul",39.068
"368","ul4-4","4","diamond",87.2,86.1,97,0.112385321100917,"4",27,4,46,"ul",11.239
"369","hm5-1","4","diamond",134.2,50.8,43.2,-0.678092399403875,"1",30,5,47,"hm",-67.809
"370","hm5-2","4","diamond",123.3,51.3,57.5,-0.533657745336577,"2",30,5,47,"hm",-53.366
"371","hm5-3","4","diamond",103.2,61.6,66.9,-0.351744186046512,"3",30,5,47,"hm",-35.174
"372","hm5-4","4","diamond",117.3,75.5,89,-0.241261722080136,"4",30,5,47,"hm",-24.126
"373","ul5-1","4","diamond",99.5,61.3,78.6,-0.210050251256281,"1",30,5,47,"ul",-21.005
"374","ul5-2","4","diamond",98.9,107.9,97.2,-0.0171890798786653,"2",30,5,47,"ul",-1.719
"375","ul5-3","4","diamond",93,95.2,112.8,0.212903225806452,"3",30,5,47,"ul",21.29
"376","ul5-4","4","diamond",102.5,90,80.8,-0.211707317073171,"4",30,5,47,"ul",-21.171
"377","hm6-1","4","diamond",122.2,69.9,49.5,-0.594926350245499,"1",30,6,48,"hm",-59.493
"378","hm6-2","4","diamond",106.5,64.2,58.8,-0.447887323943662,"2",30,6,48,"hm",-44.789
"379","hm6-3","4","diamond",107.8,77.1,86.8,-0.194805194805195,"3",30,6,48,"hm",-19.481
"380","hm6-4","4","diamond",116.4,138.1,NA,NA,"4",30,6,48,"hm",NA
"381","ul6-1","4","diamond",84.8,69.8,64.1,-0.244103773584906,"1",30,6,48,"ul",-24.41
"382","ul6-2","4","diamond",79.2,88.3,62.3,-0.213383838383838,"2",30,6,48,"ul",-21.338
"383","ul6-3","4","diamond",70.6,70.9,69.5,-0.0155807365439093,"3",30,6,48,"ul",-1.558
"384","ul6-4","4","diamond",92.9,95.7,102.8,0.106566200215285,"4",30,6,48,"ul",10.657
"385","ul1-1","6","ewa",61.7,42.7,42,-0.319286871961102,"0",20,1,49,"ul",-31.929
"386","ul1-2","6","ewa",54.1,57.5,50.7,-0.0628465804066543,"0",20,1,50,"ul",-6.285
"387","ul1-3","6","ewa",65,63.6,52.6,-0.190769230769231,"0",20,1,51,"ul",-19.077
"388","ul1-4","6","ewa",48.2,40.4,36.6,-0.240663900414938,"0",20,1,52,"ul",-24.066
"389","ul2-1","6","ewa",134.3,103.7,82.8,-0.383469843633656,"0",20,2,53,"ul",-38.347
"390","ul2-2","6","ewa",77.2,60.7,45.5,-0.410621761658031,"0",20,2,54,"ul",-41.062
"391","ul2-3","6","ewa",66.4,57.6,63.2,-0.0481927710843374,"0",20,2,55,"ul",-4.819
"392","ul2-4","6","ewa",63,55,45.4,-0.279365079365079,"0",20,2,56,"ul",-27.937
"393","ul3-1","6","ewa",64,39.7,38.8,-0.39375,"0",27,3,57,"ul",-39.375
"394","ul3-2","6","ewa",63.3,48.1,57.5,-0.0916271721958925,"0",27,3,58,"ul",-9.163
"395","ul3-3","6","ewa",71,49.9,36.8,-0.48169014084507,"0",27,3,59,"ul",-48.169
"396","ul3-4","6","ewa",63.6,61.5,50.5,-0.205974842767296,"0",27,3,60,"ul",-20.597
"397","ul4-1","6","ewa",59.8,56.9,64.4,0.0769230769230771,"0",27,4,61,"ul",7.692
"398","ul4-2","6","ewa",52.3,38.6,47.8,-0.0860420650095602,"0",27,4,62,"ul",-8.604
"399","ul4-3","6","ewa",62.4,55.1,48.2,-0.227564102564103,"0",27,4,63,"ul",-22.756
"400","ul4-4","6","ewa",58,45.9,45.9,-0.208620689655172,"0",27,4,64,"ul",-20.862
"401","ul5-1","6","ewa",80.4,51.7,52.1,-0.351990049751244,"0",30,5,65,"ul",-35.199
"402","ul5-2","6","ewa",60,41.1,30,-0.5,"0",30,5,66,"ul",-50
"403","ul5-3","6","ewa",56.6,49.1,49.4,-0.127208480565371,"0",30,5,67,"ul",-12.721
"404","ul5-4","6","ewa",72.7,60.7,42.5,-0.415405777166437,"0",30,5,68,"ul",-41.541
"405","ul6-1","6","ewa",63.2,58.1,60.2,-0.0474683544303797,"0",30,6,69,"ul",-4.747
"406","ul6-2","6","ewa",50.5,56.3,44.3,-0.122772277227723,"0",30,6,70,"ul",-12.277
"407","ul6-3","6","ewa",71.6,42.8,33.7,-0.529329608938547,"0",30,6,71,"ul",-52.933
"408","ul6-4","6","ewa",50.3,72.8,49.4,-0.0178926441351888,"0",30,6,72,"ul",-1.789
"409","ul1-1","6.5","ewa",57.8,48.8,54.6,-0.0553633217993079,"0",20,1,73,"ul",-5.536
"410","ul1-2","6.5","ewa",48.5,45.1,37.4,-0.228865979381443,"0",20,1,74,"ul",-22.887
"411","ul1-3","6.5","ewa",88.9,47.5,30.8,-0.653543307086614,"0",20,1,75,"ul",-65.354
"412","ul1-4","6.5","ewa",64.9,44.1,39.3,-0.394453004622496,"0",20,1,76,"ul",-39.445
"413","ul2-1","6.5","ewa",53.7,46.4,37.9,-0.294227188081937,"0",20,2,77,"ul",-29.423
"414","ul2-2","6.5","ewa",55.7,47.9,50.8,-0.087971274685817,"0",20,2,78,"ul",-8.797
"415","ul2-3","6.5","ewa",51.6,40.7,36.4,-0.294573643410853,"0",20,2,79,"ul",-29.457
"416","ul2-4","6.5","ewa",57.7,42.8,36.5,-0.367417677642981,"0",20,2,80,"ul",-36.742
"417","ul3-1","6.5","ewa",82.8,56.2,50.6,-0.388888888888889,"0",27,3,81,"ul",-38.889
"418","ul3-2","6.5","ewa",85.2,74.3,55.2,-0.352112676056338,"0",27,3,82,"ul",-35.211
"419","ul3-3","6.5","ewa",83.2,51,37,-0.555288461538462,"0",27,3,83,"ul",-55.529
"420","ul3-4","6.5","ewa",96.5,48.1,54.8,-0.432124352331606,"0",27,3,84,"ul",-43.212
"421","ul4-1","6.5","ewa",74.6,50.6,55.4,-0.257372654155496,"0",27,4,85,"ul",-25.737
"422","ul4-2","6.5","ewa",64,36.6,41,-0.359375,"0",27,4,86,"ul",-35.938
"423","ul4-3","6.5","ewa",69.1,50.7,46.8,-0.322720694645441,"0",27,4,87,"ul",-32.272
"424","ul4-4","6.5","ewa",63.9,49,59.2,-0.0735524256651017,"0",27,4,88,"ul",-7.355
"425","ul5-1","6.5","ewa",71.1,41.1,37.5,-0.472573839662447,"0",30,5,89,"ul",-47.257
"426","ul5-2","6.5","ewa",53.6,49.3,44.2,-0.175373134328358,"0",30,5,90,"ul",-17.537
"427","ul5-3","6.5","ewa",78.7,67.2,47.4,-0.397712833545108,"0",30,5,91,"ul",-39.771
"428","ul5-4","6.5","ewa",54.2,37.1,32.5,-0.400369003690037,"0",30,5,92,"ul",-40.037
"429","ul6-1","6.5","ewa",58,48.3,31.5,-0.456896551724138,"0",30,6,93,"ul",-45.69
"430","ul6-2","6.5","ewa",56.6,43,37,-0.346289752650177,"0",30,6,94,"ul",-34.629
"431","ul6-3","6.5","ewa",50.6,48.7,47.1,-0.0691699604743083,"0",30,6,95,"ul",-6.917
"432","ul6-4","6.5","ewa",52.9,76.7,40.1,-0.241965973534972,"0",30,6,96,"ul",-24.197
"433","hm1-1","7","ewa",115.3,223,137.9,0.196010407632264,"2.5",20,1,49,"hm",19.601
"434","hm1-2","7","ewa",112.5,186.2,242.1,1.152,"2.5",20,1,50,"hm",115.2
"435","hm1-3","7","ewa",128.4,194.9,183.7,0.430685358255452,"2.5",20,1,51,"hm",43.069
"436","hm1-4","7","ewa",113.7,187.6,171.4,0.507475813544415,"2.5",20,1,52,"hm",50.748
"437","hul1-1","7","ewa",111.1,281.5,159.8,0.438343834383439,"2.5",20,1,53,"hm",43.834
"438","hul1-2","7","ewa",77.4,238.4,118.6,0.532299741602067,"2.5",20,1,54,"hm",53.23
"439","hul1-3","7","ewa",111.8,183.9,135.8,0.214669051878354,"2.5",20,1,55,"hm",21.467
"440","hul1-4","7","ewa",76.7,125.2,146.3,0.907431551499348,"2.5",20,1,56,"hm",90.743
"441","hm2-1","7","ewa",91,156.7,178.3,0.959340659340659,"2.5",20,2,57,"hm",95.934
"442","hm2-2","7","ewa",77.4,98.5,163.6,1.11369509043928,"2.5",20,2,58,"hm",111.37
"443","hm2-3","7","ewa",76.9,121.1,121,0.573472041612484,"2.5",20,2,59,"hm",57.347
"444","hm2-4","7","ewa",70.3,109.6,135.5,0.927453769559033,"2.5",20,2,60,"hm",92.745
"445","hul2-1","7","ewa",91.9,75.6,130.3,0.41784548422198,"2.5",20,2,61,"hm",41.785
"446","hul2-2","7","ewa",99.2,145.4,107.6,0.0846774193548386,"2.5",20,2,62,"hm",8.468
"447","hul2-3","7","ewa",192.5,113.7,97,-0.496103896103896,"2.5",20,2,63,"hm",-49.61
"448","hul2-4","7","ewa",149.8,189,131.6,-0.121495327102804,"2.5",20,2,64,"hm",-12.15
"449","hm3-1","7","ewa",71.5,107.6,123.4,0.725874125874126,"2.5",27,3,65,"hm",72.587
"450","hm3-2","7","ewa",96,158.8,136.1,0.417708333333333,"2.5",27,3,66,"hm",41.771
"451","hm3-3","7","ewa",192.5,129.8,147,-0.236363636363636,"2.5",27,3,67,"hm",-23.636
"452","hm3-4","7","ewa",145.7,141.6,152.8,0.0487302676733015,"2.5",27,3,68,"hm",4.873
"453","hul3-1","7","ewa",133.1,114.3,124.7,-0.0631104432757325,"2.5",27,3,69,"hm",-6.311
"454","hul3-2","7","ewa",97.3,117.5,139,0.428571428571429,"2.5",27,3,70,"hm",42.857
"455","hul3-3","7","ewa",101.2,131.1,168.3,0.66304347826087,"2.5",27,3,71,"hm",66.304
"456","hul3-4","7","ewa",113.2,152.3,150.7,0.331272084805654,"2.5",27,3,72,"hm",33.127
"457","hm4-1","7","ewa",168.5,130,162.1,-0.0379821958456974,"2.5",27,4,73,"hm",-3.798
"458","hm4-2","7","ewa",113,134.2,85.7,-0.241592920353982,"2.5",27,4,74,"hm",-24.159
"459","hm4-3","7","ewa",95,139.3,90.4,-0.0484210526315789,"2.5",27,4,75,"hm",-4.842
"460","hm4-4","7","ewa",106.1,110.9,67.2,-0.366635249764373,"2.5",27,4,76,"hm",-36.664
"461","hul4-1","7","ewa",187.9,103.4,61.3,-0.673762639701969,"2.5",27,4,77,"hm",-67.376
"462","hul4-2","7","ewa",108,139.6,88,-0.185185185185185,"2.5",27,4,78,"hm",-18.519
"463","hul4-3","7","ewa",183.1,175.8,112.9,-0.383397050791917,"2.5",27,4,79,"hm",-38.34
"464","hul4-4","7","ewa",137.4,187.2,104.1,-0.24235807860262,"2.5",27,4,80,"hm",-24.236
"465","hm5-1","7","ewa",104.9,118.1,89.8,-0.143946615824595,"2.5",30,5,81,"hm",-14.395
"466","hm5-2","7","ewa",147.6,131.2,84,-0.430894308943089,"2.5",30,5,82,"hm",-43.089
"467","hm5-3","7","ewa",113,147.8,63.8,-0.435398230088496,"2.5",30,5,83,"hm",-43.54
"468","hm5-4","7","ewa",134.9,233.8,126.2,-0.0644922164566346,"2.5",30,5,84,"hm",-6.449
"469","hul5-1","7","ewa",138.3,209.1,41.8,-0.697758496023138,"2.5",30,5,85,"hm",-69.776
"470","hul5-2","7","ewa",122.8,89.5,59.2,-0.517915309446254,"2.5",30,5,86,"hm",-51.792
"471","hul5-3","7","ewa",141.3,158.7,79.3,-0.438782731776362,"2.5",30,5,87,"hm",-43.878
"472","hul5-4","7","ewa",113.5,181.9,93.3,-0.177973568281938,"2.5",30,5,88,"hm",-17.797
"473","hm6-1","7","ewa",209.8,162.6,99,-0.528122020972355,"2.5",30,6,89,"hm",-52.812
"474","hm6-2","7","ewa",99.5,181.4,109.7,0.10251256281407,"2.5",30,6,90,"hm",10.251
"475","hm6-3","7","ewa",106.6,224.3,131,0.228893058161351,"2.5",30,6,91,"hm",22.889
"476","hm6-4","7","ewa",176,144.3,99.5,-0.434659090909091,"2.5",30,6,92,"hm",-43.466
"477","hul6-1","7","ewa",128.6,166.1,91,-0.292379471228616,"2.5",30,6,93,"hm",-29.238
"478","hul6-2","7","ewa",135.5,157.8,134.3,-0.00885608856088553,"2.5",30,6,94,"hm",-0.886
"479","hul6-3","7","ewa",131.5,187.5,87.8,-0.332319391634981,"2.5",30,6,95,"hm",-33.232
"480","hul6-4","7","ewa",124.3,128.9,90.4,-0.272727272727273,"2.5",30,6,96,"hm",-27.273
"481","hul1-1","9","diamond",49.2,NA,48.8,-0.00813008130081312,"0",20,1,101,"hm",-0.813
"482","hul1-2","9","diamond",46.7,NA,45.6,-0.0235546038543898,"0",20,1,102,"hm",-2.355
"483","hul1-3","9","diamond",60.8,NA,66.3,0.0904605263157895,"0",20,1,103,"hm",9.046
"484","hul1-4","9","diamond",45.5,NA,88.5,0.945054945054945,"0",20,1,104,"hm",94.505
"485","hul2-1","9","diamond",53.6,NA,61.1,0.139925373134328,"0",20,2,109,"hm",13.993
"486","hul2-2","9","diamond",103,NA,128.3,0.245631067961165,"0",20,2,110,"hm",24.563
"487","hul2-3","9","diamond",40.7,NA,64,0.572481572481572,"0",20,2,111,"hm",57.248
"488","hul2-4","9","diamond",59.9,NA,80.6,0.345575959933222,"0",20,2,112,"hm",34.558
"489","hul3-1","9","diamond",47.5,NA,56.2,0.183157894736842,"0",27,3,117,"hm",18.316
"490","hul3-2","9","diamond",55,NA,76.8,0.396363636363636,"0",27,3,118,"hm",39.636
"491","hul3-3","9","diamond",55.8,NA,51.8,-0.0716845878136201,"0",27,3,119,"hm",-7.168
"492","hul3-4","9","diamond",59.7,NA,65.4,0.0954773869346734,"0",27,3,120,"hm",9.548
"493","hul4-1","9","diamond",73.9,NA,34.9,-0.527740189445196,"0",27,4,125,"hm",-52.774
"494","hul4-2","9","diamond",60,NA,35.9,-0.401666666666667,"0",27,4,126,"hm",-40.167
"495","hul4-3","9","diamond",75.6,NA,34.1,-0.548941798941799,"0",27,4,127,"hm",-54.894
"496","hul4-4","9","diamond",126.8,NA,26.3,-0.792586750788644,"0",27,4,128,"hm",-79.259
"497","hul5-1","9","diamond",80.6,NA,43.5,-0.46029776674938,"0",30,5,133,"hm",-46.03
"498","hul5-2","9","diamond",69.9,NA,28,-0.599427753934192,"0",30,5,134,"hm",-59.943
"499","hul5-3","9","diamond",49.3,NA,23.2,-0.529411764705882,"0",30,5,135,"hm",-52.941
"500","hul5-4","9","diamond",63.9,NA,33.2,-0.480438184663537,"0",30,5,136,"hm",-48.044
"501","hul6-1","9","diamond",71.8,NA,49.4,-0.311977715877437,"0",30,6,141,"hm",-31.198
"502","hul6-2","9","diamond",88.2,NA,52.9,-0.400226757369615,"0",30,6,142,"hm",-40.023
"503","hul6-3","9","diamond",103.5,NA,59.3,-0.427053140096618,"0",30,6,143,"hm",-42.705
"504","hul6-4","9","diamond",63.3,NA,37.1,-0.41390205371248,"0",30,6,144,"hm",-41.39
"505","hm4-1","8","diamond",77.9,NA,93.5,0.200256739409499,"0",27,1,121,"hm",20.026
"506","hm4-2","8","diamond",77.4,NA,62.4,-0.193798449612403,"0",27,1,122,"hm",-19.38
"507","hm4-3","8","diamond",103.7,NA,76.1,-0.266152362584378,"0",27,1,123,"hm",-26.615
"508","hm4-4","8","diamond",102.3,NA,47.6,-0.534701857282502,"0",27,1,124,"hm",-53.47
"509","hm5-1","8","diamond",92.5,NA,59.2,-0.36,"0",30,2,129,"hm",-36
"510","hm5-2","8","diamond",84.3,NA,52.4,-0.37841043890866,"0",30,2,130,"hm",-37.841
"511","hm5-3","8","diamond",61.7,NA,69.7,0.129659643435981,"0",30,2,131,"hm",12.966
"512","hm5-4","8","diamond",95.8,NA,65.4,-0.317327766179541,"0",30,2,132,"hm",-31.733
"513","hm6-1","8","diamond",49.4,NA,64.5,0.305668016194332,"0",30,3,137,"hm",30.567
"514","hm6-2","8","diamond",68.9,NA,65.7,-0.0464441219158201,"0",30,3,138,"hm",-4.644
"515","hm6-3","8","diamond",60.1,NA,62.1,0.0332778702163062,"0",30,3,139,"hm",3.328
"516","hm6-4","8","diamond",74.2,NA,72.1,-0.0283018867924529,"0",30,3,140,"hm",-2.83
"517","hm1-1","8","diamond",58.7,NA,174,1.96422487223169,"0",20,4,97,"hm",196.422
"518","hm1-2","8","diamond",47.1,NA,126.8,1.69214437367304,"0",20,4,98,"hm",169.214
"519","hm1-3","8","diamond",54.2,NA,116.8,1.1549815498155,"0",20,4,99,"hm",115.498
"520","hm1-4","8","diamond",66.1,NA,106.3,0.608169440242058,"0",20,4,100,"hm",60.817
"521","hm2-1","8","diamond",59.3,NA,110.3,0.860033726812816,"0",20,5,105,"hm",86.003
"522","hm2-2","8","diamond",70.5,NA,111.1,0.575886524822695,"0",20,5,106,"hm",57.589
"523","hm2-3","8","diamond",53.4,NA,108.6,1.03370786516854,"0",20,5,107,"hm",103.371
"524","hm2-4","8","diamond",67.5,NA,97.4,0.442962962962963,"0",20,5,108,"hm",44.296
"525","hm3-1","8","diamond",68.9,NA,85.7,0.243831640058055,"0",27,6,113,"hm",24.383
"526","hm3-2","8","diamond",69.4,NA,80.8,0.164265129682997,"0",27,6,114,"hm",16.427
"527","hm3-3","8","diamond",72.8,NA,69.1,-0.0508241758241759,"0",27,6,115,"hm",-5.082
"528","hm3-4","8","diamond",64.2,NA,82.8,0.289719626168224,"0",27,6,116,"hm",28.972
"529","ul4-1","9","ewa",104.1,NA,93.8,-0.0989433237271854,"2.5",27,1,121,"ul",-9.894
"530","ul4-2","9","ewa",112.1,NA,71,-0.366636931311329,"2.5",27,1,122,"ul",-36.664
"531","ul4-3","9","ewa",88.6,NA,85.7,-0.0327313769751692,"2.5",27,1,123,"ul",-3.273
"532","ul4-4","9","ewa",80.1,NA,98.2,0.225967540574282,"2.5",27,1,124,"ul",22.597
"533","hul4-1","9","ewa",77,NA,52.4,-0.319480519480519,"2.5",27,1,125,"ul",-31.948
"534","hul4-2","9","ewa",86.8,NA,70.2,-0.191244239631336,"2.5",27,1,126,"ul",-19.124
"535","hul4-3","9","ewa",118.6,NA,84.9,-0.284148397976391,"2.5",27,1,127,"ul",-28.415
"536","hul4-4","9","ewa",102.2,NA,70.1,-0.314090019569472,"2.5",27,1,128,"ul",-31.409
"537","ul5-1","9","ewa",92.7,NA,108.8,0.173678532901834,"2.5",30,2,129,"ul",17.368
"538","ul5-2","9","ewa",92.2,NA,77.5,-0.15943600867679,"2.5",30,2,130,"ul",-15.944
"539","ul5-3","9","ewa",106.5,NA,89.9,-0.155868544600939,"2.5",30,2,131,"ul",-15.587
"540","ul5-4","9","ewa",106.5,NA,95.8,-0.100469483568075,"2.5",30,2,132,"ul",-10.047
"541","hul5-1","9","ewa",109.9,NA,92.4,-0.159235668789809,"2.5",30,2,133,"ul",-15.924
"542","hul5-2","9","ewa",110.8,NA,87.6,-0.209386281588448,"2.5",30,2,134,"ul",-20.939
"543","hul5-3","9","ewa",109.3,NA,85.4,-0.218664226898445,"2.5",30,2,135,"ul",-21.866
"544","hul5-4","9","ewa",77.5,NA,76.2,-0.0167741935483871,"2.5",30,2,136,"ul",-1.677
"545","ul6-1","9","ewa",86.9,NA,61.5,-0.29228998849252,"2.5",30,3,137,"ul",-29.229
"546","ul6-2","9","ewa",80.3,NA,79.5,-0.00996264009962637,"2.5",30,3,138,"ul",-0.996
"547","ul6-3","9","ewa",104.1,NA,56.1,-0.461095100864553,"2.5",30,3,139,"ul",-46.11
"548","ul6-4","9","ewa",98,NA,85.7,-0.125510204081633,"2.5",30,3,140,"ul",-12.551
"549","hul6-1","9","ewa",89.2,NA,72,-0.192825112107623,"2.5",30,3,141,"ul",-19.283
"550","hul6-2","9","ewa",105.8,NA,84.2,-0.204158790170132,"2.5",30,3,142,"ul",-20.416
"551","hul6-3","9","ewa",96.6,NA,59.5,-0.384057971014493,"2.5",30,3,143,"ul",-38.406
"552","hul6-4","9","ewa",95,NA,86.4,-0.0905263157894736,"2.5",30,3,144,"ul",-9.053
"553","ul1-1","9","ewa",89.6,NA,109.3,0.219866071428571,"2.5",20,4,97,"ul",21.987
"554","ul1-2","9","ewa",70.3,NA,91.6,0.30298719772404,"2.5",20,4,98,"ul",30.299
"555","ul1-3","9","ewa",120.8,NA,111.7,-0.0753311258278145,"2.5",20,4,99,"ul",-7.533
"556","ul1-4","9","ewa",61.9,NA,72.3,0.168012924071082,"2.5",20,4,100,"ul",16.801
"557","hul1-1","9","ewa",81.2,NA,97.1,0.195812807881773,"2.5",20,4,101,"ul",19.581
"558","hul1-2","9","ewa",78.2,NA,81,0.0358056265984654,"2.5",20,4,102,"ul",3.581
"559","hul1-3","9","ewa",115.6,NA,91.7,-0.206747404844291,"2.5",20,4,103,"ul",-20.675
"560","hul1-4","9","ewa",91.8,NA,93.7,0.0206971677559913,"2.5",20,4,104,"ul",2.07
"561","ul2-1","9","ewa",76.5,NA,95.4,0.247058823529412,"2.5",20,5,105,"ul",24.706
"562","ul2-2","9","ewa",89.4,NA,101.9,0.139821029082774,"2.5",20,5,106,"ul",13.982
"563","ul2-3","9","ewa",102.7,NA,92.1,-0.103213242453749,"2.5",20,5,107,"ul",-10.321
"564","ul2-4","9","ewa",114.8,NA,97.9,-0.147212543554007,"2.5",20,5,108,"ul",-14.721
"565","hul2-1","9","ewa",90.5,NA,71.6,-0.208839779005525,"2.5",20,5,109,"ul",-20.884
"566","hul2-2","9","ewa",68,NA,90.2,0.326470588235294,"2.5",20,5,110,"ul",32.647
"567","hul2-3","9","ewa",106.6,NA,97.3,-0.0872420262664165,"2.5",20,5,111,"ul",-8.724
"568","hul2-4","9","ewa",107.8,NA,79.4,-0.263450834879406,"2.5",20,5,112,"ul",-26.345
"569","ul3-1","9","ewa",102.4,NA,110.8,0.0820312499999999,"2.5",27,6,113,"ul",8.203
"570","ul3-2","9","ewa",116.2,NA,90,-0.225473321858864,"2.5",27,6,114,"ul",-22.547
"571","ul3-3","9","ewa",98.7,NA,112.4,0.138804457953394,"2.5",27,6,115,"ul",13.88
"572","ul3-4","9","ewa",99.3,NA,69.9,-0.29607250755287,"2.5",27,6,116,"ul",-29.607
"573","hul3-1","9","ewa",118.1,NA,85.8,-0.273497036409822,"2.5",27,6,117,"ul",-27.35
"574","hul3-2","9","ewa",87.3,NA,82.3,-0.0572737686139748,"2.5",27,6,118,"ul",-5.727
"575","hul3-3","9","ewa",90.8,NA,97.6,0.0748898678414097,"2.5",27,6,119,"ul",7.489
"576","hul3-4","9","ewa",116.5,NA,90.1,-0.226609442060086,"2.5",27,6,120,"ul",-22.661
